nome,principio_ativo,apresentacao,fonte,status,unidade,atualizado_em,sudoeste,noroeste,caf
Aciclovir comprimido 200mg,Aciclovir,comprimido 200mg,SUS-Assis,disponivel,"SUDOESTE, NOROESTE, CAF",2026-07-05,disponivel,disponivel,disponivel
Aciclovir creme 50mg/g tubo com 10 g,Aciclovir,creme 50mg/g tubo com 10 g,SUS-Assis,disponivel,"SUDOESTE, NOROESTE, CAF",2026-07-05,disponivel,disponivel,disponivel
Ácido acetilsalicílico comprimido 100 mg,Ácido acetilsalicílico,comprimido 100 mg,SUS-Assis,disponivel,"SUDOESTE, NOROESTE, CAF",2026-07-05,disponivel,disponivel,disponivel
Ácido fólico comprimido 5 mg,Ácido fólico,comprimido 5 mg,SUS-Assis,disponivel,"SUDOESTE, NOROESTE, CAF",2026-07-05,disponivel,disponivel,disponivel
"Ácido Fólico 0,2mg/ml gotas 30ml",Ácido Fólico,"0,2mg/ml gotas 30ml",SUS-Assis,disponivel,"SUDOESTE, NOROESTE, CAF",2026-07-05,disponivel,disponivel,disponivel
Ácido Folínico comprimido 15 mg,Ácido Folínico,comprimido 15 mg,SUS-Assis,disponivel,"SUDOESTE, CAF",2026-07-05,disponivel,em_falta,disponivel
Ácido Valpróico comprimido 250mg,Ácido Valpróico,comprimido 250mg,SUS-Assis,disponivel,"SUDOESTE, NOROESTE, CAF",2026-07-05,disponivel,disponivel,disponivel
Ácido Valpróico comprimido 500mg,Ácido Valpróico,comprimido 500mg,SUS-Assis,disponivel,"SUDOESTE, NOROESTE, CAF",2026-07-05,disponivel,disponivel,disponivel
Ácido Valpróico 50mg/mL solução oral 100mL,Ácido Valpróico,50mg/mL solução oral 100mL,SUS-Assis,disponivel,"SUDOESTE, NOROESTE, CAF",2026-07-05,disponivel,disponivel,disponivel
Albendazol comprimido mastigavel 400 mg,Albendazol,comprimido mastigavel 400 mg,SUS-Assis,disponivel,"SUDOESTE, NOROESTE, CAF",2026-07-05,disponivel,disponivel,disponivel
"Albendazol suspensão oral 40 mg/mL, frasco com 10 ml",Albendazol,"suspensão oral 40 mg/mL, frasco com 10 ml",SUS-Assis,disponivel,"SUDOESTE, NOROESTE, CAF",2026-07-05,disponivel,disponivel,disponivel
Alendronato de sódio comprimido 70 mg,Alendronato de sódio,comprimido 70 mg,SUS-Assis,disponivel,"SUDOESTE, NOROESTE, CAF",2026-07-05,disponivel,disponivel,disponivel
Algestona Acetofenida + Enantato de Estradiol 150mg+10mg/ml sol. injetável ampola com 1ml,Algestona Acetofenida + Enantato de Estradiol,150mg+10mg/ml sol. injetável ampola com 1ml,SUS-Assis,disponivel,"SUDOESTE, NOROESTE",2026-07-05,disponivel,disponivel,em_falta
Alopurinol comprimido 100 mg,Alopurinol,comprimido 100 mg,SUS-Assis,disponivel,"SUDOESTE, NOROESTE, CAF",2026-07-05,disponivel,disponivel,disponivel
Alopurinol comprimido 300 mg,Alopurinol,comprimido 300 mg,SUS-Assis,disponivel,"SUDOESTE, NOROESTE, CAF",2026-07-05,disponivel,disponivel,disponivel
"Ambroxol , cloridrato de xarope 30mg/5ml, frasco com 120 ml","Ambroxol , cloridrato de","xarope 30mg/5ml, frasco com 120 ml",SUS-Assis,disponivel,"SUDOESTE, NOROESTE, CAF",2026-07-05,disponivel,disponivel,disponivel
Aminofilina comprimido 100 mg,Aminofilina,comprimido 100 mg,SUS-Assis,disponivel,"SUDOESTE, NOROESTE, CAF",2026-07-05,disponivel,disponivel,disponivel
"Amiodarona, cloridrato de comprimido 100 mg","Amiodarona, cloridrato de",comprimido 100 mg,SUS-Assis,disponivel,"SUDOESTE, NOROESTE, CAF",2026-07-05,disponivel,disponivel,disponivel
"Amiodarona, cloridrato de comprimido 200 mg","Amiodarona, cloridrato de",comprimido 200 mg,SUS-Assis,disponivel,"SUDOESTE, NOROESTE, CAF",2026-07-05,disponivel,disponivel,disponivel
"Amitriptilina, cloridrato de comprimido 25 mg","Amitriptilina, cloridrato de",comprimido 25 mg,SUS-Assis,disponivel,"SUDOESTE, NOROESTE, CAF",2026-07-05,disponivel,disponivel,disponivel
"Amoxicilina + clav. de potássio suspensão oral 50 mg + 12,5 mg/mL, frasco com 100 ml",Amoxicilina + clav. de potássio,"suspensão oral 50 mg + 12,5 mg/mL, frasco com 100 ml",SUS-Assis,disponivel,"SUDOESTE, NOROESTE, CAF",2026-07-05,disponivel,disponivel,disponivel
Amoxicilina + clavulanato de potássio comprimido 500 mg + 125 mg,Amoxicilina + clavulanato de potássio,comprimido 500 mg + 125 mg,SUS-Assis,disponivel,"SUDOESTE, NOROESTE, CAF",2026-07-05,disponivel,disponivel,disponivel
Amoxicilina cápsula ou comprimido 500 mg,Amoxicilina,cápsula ou comprimido 500 mg,SUS-Assis,disponivel,"SUDOESTE, NOROESTE, CAF",2026-07-05,disponivel,disponivel,disponivel
"Amoxicilina pó para suspensão oral 50 mg/mL, frasco com 150 ml",Amoxicilina,"pó para suspensão oral 50 mg/mL, frasco com 150 ml",SUS-Assis,disponivel,"SUDOESTE, NOROESTE, CAF",2026-07-05,disponivel,disponivel,disponivel
"Anlodipino, besilato de comprimido de 5 mg","Anlodipino, besilato de",comprimido de 5 mg,SUS-Assis,disponivel,"SUDOESTE, NOROESTE, CAF",2026-07-05,disponivel,disponivel,disponivel
Atenolol comprimido 25 mg,Atenolol,comprimido 25 mg,SUS-Assis,disponivel,"SUDOESTE, NOROESTE, CAF",2026-07-05,disponivel,disponivel,disponivel
Atenolol comprimido 50 mg,Atenolol,comprimido 50 mg,SUS-Assis,disponivel,"SUDOESTE, NOROESTE, CAF",2026-07-05,disponivel,disponivel,disponivel
Azitromicina comprimido 500 mg,Azitromicina,comprimido 500 mg,SUS-Assis,disponivel,"SUDOESTE, NOROESTE, CAF",2026-07-05,disponivel,disponivel,disponivel
"Azitromicina pó para suspensão oral 40 mg/ml, frasco com 15ml",Azitromicina,"pó para suspensão oral 40 mg/ml, frasco com 15ml",SUS-Assis,disponivel,"SUDOESTE, NOROESTE, CAF",2026-07-05,disponivel,disponivel,disponivel
"Babosa, aloe vera (l.) burm. f., gel ou creme 60g","Babosa, aloe vera (l.) burm. f., gel ou",creme 60g,SUS-Assis,em_falta,,2026-07-05,em_falta,em_falta,em_falta
Betametasona + Gentamicina creme dermatologico tubo com 30 g,Betametasona + Gentamicina,creme dermatologico tubo com 30 g,SUS-Assis,disponivel,"SUDOESTE, NOROESTE, CAF",2026-07-05,disponivel,disponivel,disponivel
Betametasona creme dermatologico tubo com 30 g,Betametasona,creme dermatologico tubo com 30 g,SUS-Assis,disponivel,"SUDOESTE, NOROESTE, CAF",2026-07-05,disponivel,disponivel,disponivel
"Biperideno, cloridrato de comprimido 2 mg","Biperideno, cloridrato de",comprimido 2 mg,SUS-Assis,disponivel,"SUDOESTE, NOROESTE, CAF",2026-07-05,disponivel,disponivel,disponivel
"Bisacodil, comprimido 5 mg",Bisacodil,comprimido 5 mg,SUS-Assis,disponivel,"SUDOESTE, NOROESTE, CAF",2026-07-05,disponivel,disponivel,disponivel
"Bisoprolol, fumarato de comprimido 10 mg","Bisoprolol, fumarato de",comprimido 10 mg,SUS-Assis,disponivel,"SUDOESTE, NOROESTE, CAF",2026-07-05,disponivel,disponivel,disponivel
"Bisoprolol, fumarato de comprimido 2,5 mg","Bisoprolol, fumarato de","comprimido 2,5 mg",SUS-Assis,disponivel,"SUDOESTE, NOROESTE, CAF",2026-07-05,disponivel,disponivel,disponivel
Bromoprida solução oral 4mg/ml frasco com 20 ml,Bromoprida,solução oral 4mg/ml frasco com 20 ml,SUS-Assis,disponivel,"SUDOESTE, NOROESTE, CAF",2026-07-05,disponivel,disponivel,disponivel
Budenosida aerosol nasal 50 mcg,Budenosida,aerosol nasal 50 mcg,SUS-Assis,em_falta,,2026-07-05,em_falta,em_falta,em_falta
Captopril comprimido 25 mg,Captopril,comprimido 25 mg,SUS-Assis,disponivel,"SUDOESTE, NOROESTE, CAF",2026-07-05,disponivel,disponivel,disponivel
Carbamazepina comprimido 200 mg,Carbamazepina,comprimido 200 mg,SUS-Assis,disponivel,"SUDOESTE, NOROESTE, CAF",2026-07-05,disponivel,disponivel,disponivel
"Carbamazepina xarope 20 mg/mL, frasco com 100 ml",Carbamazepina,"xarope 20 mg/mL, frasco com 100 ml",SUS-Assis,disponivel,"SUDOESTE, NOROESTE, CAF",2026-07-05,disponivel,disponivel,disponivel
"Carbocisteína xarope 20mg/ml, frasco com 100 ml",Carbocisteína,"xarope 20mg/ml, frasco com 100 ml",SUS-Assis,disponivel,"SUDOESTE, NOROESTE, CAF",2026-07-05,disponivel,disponivel,disponivel
Carbonato de cálcio + colecalciferol comp. 1250mg (equivalente a 500mg de Ca++) + 400 UI,Carbonato de cálcio + colecalciferol comp.,1250mg (equivalente a 500mg de Ca++) + 400 UI,SUS-Assis,disponivel,"SUDOESTE, NOROESTE, CAF",2026-07-05,disponivel,disponivel,disponivel
Carbonato de cálcio comprimido 1.250 mg (equivalente a 500mg Ca ++ ),Carbonato de cálcio,comprimido 1.250 mg (equivalente a 500mg Ca ++ ),SUS-Assis,disponivel,"SUDOESTE, NOROESTE, CAF",2026-07-05,disponivel,disponivel,disponivel
Carbonato de lítio comprimido 300 mg,Carbonato de lítio,comprimido 300 mg,SUS-Assis,em_falta,,2026-07-05,em_falta,em_falta,em_falta
"Carvedilol comprimido 12,5 mg",Carvedilol,"comprimido 12,5 mg",SUS-Assis,disponivel,"SUDOESTE, NOROESTE, CAF",2026-07-05,disponivel,disponivel,disponivel
Carvedilol comprimido 25 mg,Carvedilol,comprimido 25 mg,SUS-Assis,disponivel,"SUDOESTE, NOROESTE, CAF",2026-07-05,disponivel,disponivel,disponivel
"Carvedilol comprimido 3,125 mg",Carvedilol,"comprimido 3,125 mg",SUS-Assis,disponivel,"SUDOESTE, NOROESTE, CAF",2026-07-05,disponivel,disponivel,disponivel
"Carvedilol comprimido 6,25 mg",Carvedilol,"comprimido 6,25 mg",SUS-Assis,disponivel,"SUDOESTE, NOROESTE, CAF",2026-07-05,disponivel,disponivel,disponivel
Cáscara Sagrada cápsula 75mg,Cáscara Sagrada,cápsula 75mg,SUS-Assis,em_falta,,2026-07-05,em_falta,em_falta,em_falta
Castanha da índia comprimido 100mg,Castanha da índia,comprimido 100mg,SUS-Assis,em_falta,,2026-07-05,em_falta,em_falta,em_falta
Cefalexina (sódica ou cloridrato) cápsula 500 mg,Cefalexina (sódica ou cloridrato),cápsula 500 mg,SUS-Assis,disponivel,"SUDOESTE, NOROESTE, CAF",2026-07-05,disponivel,disponivel,disponivel
"Cefalexina (sódica ou cloridrato) suspensão oral 50 mg/mL, frasco com 100 ml",Cefalexina (sódica ou cloridrato),"suspensão oral 50 mg/mL, frasco com 100 ml",SUS-Assis,disponivel,"SUDOESTE, NOROESTE, CAF",2026-07-05,disponivel,disponivel,disponivel
"Cetoconazol creme 2%, bisnaga com 30 g",Cetoconazol,"creme 2%, bisnaga com 30 g",SUS-Assis,disponivel,"SUDOESTE, NOROESTE, CAF",2026-07-05,disponivel,disponivel,disponivel
"Ciclobenzaprina, cloridrato de, comprimido 10 mg","Ciclobenzaprina, cloridrato de",comprimido 10 mg,SUS-Assis,disponivel,"SUDOESTE, NOROESTE, CAF",2026-07-05,disponivel,disponivel,disponivel
Cilostazol comprimido 50mg,Cilostazol,comprimido 50mg,SUS-Assis,disponivel,"SUDOESTE, NOROESTE, CAF",2026-07-05,disponivel,disponivel,disponivel
Cinarizina 75 mg comprimido,Cinarizina,75 mg comprimido,SUS-Assis,disponivel,"SUDOESTE, NOROESTE, CAF",2026-07-05,disponivel,disponivel,disponivel
Ciprofloxacino + dexametasona colirio frasco com 5 ml,Ciprofloxacino + dexametasona,colirio frasco com 5 ml,SUS-Assis,disponivel,"SUDOESTE, NOROESTE, CAF",2026-07-05,disponivel,disponivel,disponivel
"Ciprofloxacino, cloridrato de, comprimido 500 mg","Ciprofloxacino, cloridrato de",comprimido 500 mg,SUS-Assis,disponivel,"SUDOESTE, NOROESTE, CAF",2026-07-05,disponivel,disponivel,disponivel
Claritromicina cápsula ou comprimido 500 mg,Claritromicina,cápsula ou comprimido 500 mg,SUS-Assis,disponivel,"SUDOESTE, NOROESTE, CAF",2026-07-05,disponivel,disponivel,disponivel
"Clindamicina, cloridrato de cápsula 300 mg","Clindamicina, cloridrato de",cápsula 300 mg,SUS-Assis,disponivel,"SUDOESTE, NOROESTE, CAF",2026-07-05,disponivel,disponivel,disponivel
"Clomipramina, cloridrato de comprimido 25 mg","Clomipramina, cloridrato de",comprimido 25 mg,SUS-Assis,disponivel,"SUDOESTE, NOROESTE, CAF",2026-07-05,disponivel,disponivel,disponivel
Clonazepam 2 mg comprimido,Clonazepam,2 mg comprimido,SUS-Assis,disponivel,"SUDOESTE, NOROESTE, CAF",2026-07-05,disponivel,disponivel,disponivel
"Clonazepam solução oral 2,5 mg/mL, frasco com 20 ml",Clonazepam,"solução oral 2,5 mg/mL, frasco com 20 ml",SUS-Assis,disponivel,"SUDOESTE, NOROESTE, CAF",2026-07-05,disponivel,disponivel,disponivel
"Clonidina, cloridrato de, comprimido 0,150 mg","Clonidina, cloridrato de","comprimido 0,150 mg",SUS-Assis,disponivel,"SUDOESTE, NOROESTE, CAF",2026-07-05,disponivel,disponivel,disponivel
"Clopidogrel, bissulfato de, comprimido 75 mg","Clopidogrel, bissulfato de",comprimido 75 mg,SUS-Assis,disponivel,"SUDOESTE, NOROESTE, CAF",2026-07-05,disponivel,disponivel,disponivel
"Cloreto de sódio 0,9% + cloreto de benzalcônio solução nasal, frasco com 30 ml","Cloreto de sódio 0,9% + cloreto de benzalcônio","solução nasal, frasco com 30 ml",SUS-Assis,em_falta,,2026-07-05,em_falta,em_falta,em_falta
"Clorpromazina, cloridrato de comprimido 100 mg","Clorpromazina, cloridrato de",comprimido 100 mg,SUS-Assis,disponivel,"SUDOESTE, NOROESTE, CAF",2026-07-05,disponivel,disponivel,disponivel
"Clorpromazina, cloridrato de comprimido 25 mg","Clorpromazina, cloridrato de",comprimido 25 mg,SUS-Assis,disponivel,"SUDOESTE, NOROESTE, CAF",2026-07-05,disponivel,disponivel,disponivel
"Clorpromazina, cloridrato de solução oral 40 mg/mL, frasco com 20 ml","Clorpromazina, cloridrato de","solução oral 40 mg/mL, frasco com 20 ml",SUS-Assis,disponivel,"SUDOESTE, NOROESTE, CAF",2026-07-05,disponivel,disponivel,disponivel
"Colchicina 0,5mg comprimido",Colchicina,"0,5mg comprimido",SUS-Assis,disponivel,"SUDOESTE, NOROESTE, CAF",2026-07-05,disponivel,disponivel,disponivel
Complexo B comprimido,Complexo B,comprimido,SUS-Assis,em_falta,,2026-07-05,em_falta,em_falta,em_falta
Deltametrina shampoo frasco com 100 ml,Deltametrina,shampoo frasco com 100 ml,SUS-Assis,disponivel,"SUDOESTE, NOROESTE, CAF",2026-07-05,disponivel,disponivel,disponivel
Dexametasona comprimido 4 mg,Dexametasona,comprimido 4 mg,SUS-Assis,disponivel,"SUDOESTE, NOROESTE",2026-07-05,disponivel,disponivel,em_falta
"Dexametasona creme 0,1%, bisnaga com 10 g",Dexametasona,"creme 0,1%, bisnaga com 10 g",SUS-Assis,disponivel,"SUDOESTE, NOROESTE, CAF",2026-07-05,disponivel,disponivel,disponivel
Dexametasona + neomicina + polimixina B colírio frasco com 5 ml,Dexametasona + neomicina + polimixina B,colírio frasco com 5 ml,SUS-Assis,disponivel,"SUDOESTE, NOROESTE, CAF",2026-07-05,disponivel,disponivel,disponivel
"Dexclorfeniramina, maleato de comprimido 2 mg","Dexclorfeniramina, maleato de",comprimido 2 mg,SUS-Assis,disponivel,"SUDOESTE, NOROESTE, CAF",2026-07-05,disponivel,disponivel,disponivel
"Dexclorfeniramina, maleato de xarope 0,4 mg/mL, frasco com 120 ml","Dexclorfeniramina, maleato de","xarope 0,4 mg/mL, frasco com 120 ml",SUS-Assis,disponivel,"SUDOESTE, NOROESTE, CAF",2026-07-05,disponivel,disponivel,disponivel
Diazepam 10 mg comprimido,Diazepam,10 mg comprimido,SUS-Assis,disponivel,"SUDOESTE, NOROESTE, CAF",2026-07-05,disponivel,disponivel,disponivel
Diltiazem 60mg comprimido,Diltiazem,60mg comprimido,SUS-Assis,disponivel,"SUDOESTE, NOROESTE, CAF",2026-07-05,disponivel,disponivel,disponivel
"Digoxina comprimido 0,25 mg",Digoxina,"comprimido 0,25 mg",SUS-Assis,disponivel,"SUDOESTE, NOROESTE, CAF",2026-07-05,disponivel,disponivel,disponivel
Dimeticona 75mg/ml solução oral frasco com 10 ml,Dimeticona,75mg/ml solução oral frasco com 10 ml,SUS-Assis,disponivel,NOROESTE,2026-07-05,em_falta,disponivel,em_falta
Dipirona Sódica 500 mg comprimido,Dipirona Sódica,500 mg comprimido,SUS-Assis,disponivel,"SUDOESTE, NOROESTE, CAF",2026-07-05,disponivel,disponivel,disponivel
"Dipirona Sódica solução oral 500 mg/mL, frasco com 20 ml",Dipirona Sódica,"solução oral 500 mg/mL, frasco com 20 ml",SUS-Assis,disponivel,"SUDOESTE, NOROESTE, CAF",2026-07-05,disponivel,disponivel,disponivel
Domperidona 10 mg comprimidos,Domperidona,10 mg comprimidos,SUS-Assis,disponivel,"SUDOESTE, NOROESTE, CAF",2026-07-05,disponivel,disponivel,disponivel
Domperidona 1mg/ml solução oral frasco com 100 ml,Domperidona,1mg/ml solução oral frasco com 100 ml,SUS-Assis,em_falta,,2026-07-05,em_falta,em_falta,em_falta
"Doxasozina, mesilato de, comprimido 2 mg","Doxasozina, mesilato de",comprimido 2 mg,SUS-Assis,disponivel,"SUDOESTE, NOROESTE, CAF",2026-07-05,disponivel,disponivel,disponivel
"Doxasozina, mesilato de, comprimido 4 mg","Doxasozina, mesilato de",comprimido 4 mg,SUS-Assis,disponivel,"SUDOESTE, NOROESTE, CAF",2026-07-05,disponivel,disponivel,disponivel
Doxiciclina 100 mg comprimido,Doxiciclina,100 mg comprimido,SUS-Assis,disponivel,"SUDOESTE, NOROESTE, CAF",2026-07-05,disponivel,disponivel,disponivel
Duloxetina comprimido 30mg,Duloxetina,comprimido 30mg,SUS-Assis,disponivel,"SUDOESTE, NOROESTE, CAF",2026-07-05,disponivel,disponivel,disponivel
"Enalapril, maleato de comprimido 10 mg","Enalapril, maleato de",comprimido 10 mg,SUS-Assis,disponivel,"SUDOESTE, NOROESTE, CAF",2026-07-05,disponivel,disponivel,disponivel
"Enalapril, maleato de comprimido 20 mg","Enalapril, maleato de",comprimido 20 mg,SUS-Assis,disponivel,"SUDOESTE, NOROESTE, CAF",2026-07-05,disponivel,disponivel,disponivel
"Enalapril, maleato de comprimido 5 mg","Enalapril, maleato de",comprimido 5 mg,SUS-Assis,disponivel,"SUDOESTE, NOROESTE, CAF",2026-07-05,disponivel,disponivel,disponivel
Escitalopram comprimido 10mg,Escitalopram,comprimido 10mg,SUS-Assis,disponivel,"SUDOESTE, NOROESTE, CAF",2026-07-05,disponivel,disponivel,disponivel
Escopolamina 10 mg comprimido,Escopolamina,10 mg comprimido,SUS-Assis,disponivel,"SUDOESTE, NOROESTE, CAF",2026-07-05,disponivel,disponivel,disponivel
Espironolactona comprimido 25 mg,Espironolactona,comprimido 25 mg,SUS-Assis,disponivel,"SUDOESTE, NOROESTE, CAF",2026-07-05,disponivel,disponivel,disponivel
Espironolactona comprimido 50 mg,Espironolactona,comprimido 50 mg,SUS-Assis,disponivel,"SUDOESTE, CAF",2026-07-05,disponivel,em_falta,disponivel
Estriol creme vaginal 1 mg/g bisnaga com 50 g + aplicador,Estriol,creme vaginal 1 mg/g bisnaga com 50 g + aplicador,SUS-Assis,em_falta,,2026-07-05,em_falta,em_falta,em_falta
Fenitoína sódica comprimido 100 mg,Fenitoína sódica,comprimido 100 mg,SUS-Assis,disponivel,"SUDOESTE, NOROESTE, CAF",2026-07-05,disponivel,disponivel,disponivel
Fenobarbital comprimido 100 mg,Fenobarbital,comprimido 100 mg,SUS-Assis,disponivel,"SUDOESTE, NOROESTE, CAF",2026-07-05,disponivel,disponivel,disponivel
"Fenobarbital solução oral 40 mg/mL , frasco com 20 ml",Fenobarbital,"solução oral 40 mg/mL , frasco com 20 ml",SUS-Assis,disponivel,"SUDOESTE, NOROESTE, CAF",2026-07-05,disponivel,disponivel,disponivel
Finasterida 5 mg comprimido,Finasterida,5 mg comprimido,SUS-Assis,disponivel,"SUDOESTE, NOROESTE, CAF",2026-07-05,disponivel,disponivel,disponivel
Fluconazol cápsula 150 mg,Fluconazol,cápsula 150 mg,SUS-Assis,disponivel,"SUDOESTE, NOROESTE, CAF",2026-07-05,disponivel,disponivel,disponivel
"Fluoxetina, cloridrato de cápsula ou comprimido 20 mg","Fluoxetina, cloridrato de",cápsula ou comprimido 20 mg,SUS-Assis,disponivel,"SUDOESTE, NOROESTE, CAF",2026-07-05,disponivel,disponivel,disponivel
Furosemida comprimido 40 mg,Furosemida,comprimido 40 mg,SUS-Assis,disponivel,"SUDOESTE, NOROESTE, CAF",2026-07-05,disponivel,disponivel,disponivel
Ginkgo biloba (Ginkgo biloba L.) comprimidos 80mg,Ginkgo biloba (Ginkgo biloba L.),comprimidos 80mg,SUS-Assis,disponivel,"SUDOESTE, NOROESTE, CAF",2026-07-05,disponivel,disponivel,disponivel
Gliclazida - comprimido de liberação controlada 30 mg,Gliclazida -,comprimido de liberação controlada 30 mg,SUS-Assis,disponivel,"SUDOESTE, NOROESTE, CAF",2026-07-05,disponivel,disponivel,disponivel
Gliclazida comprimido de liberação controlada de 60 mg,Gliclazida,comprimido de liberação controlada de 60 mg,SUS-Assis,disponivel,"SUDOESTE, NOROESTE, CAF",2026-07-05,disponivel,disponivel,disponivel
Glimepirida 2 mg,Glimepirida,2 mg,SUS-Assis,disponivel,"SUDOESTE, NOROESTE, CAF",2026-07-05,disponivel,disponivel,disponivel
Glimepirida 4 mg,Glimepirida,4 mg,SUS-Assis,disponivel,"SUDOESTE, NOROESTE, CAF",2026-07-05,disponivel,disponivel,disponivel
"Guaco, Mikania Glomerata Spreng, Xarope ou Solução Oral 35MG/ML Frasco com 120ML","Guaco, Mikania Glomerata Spreng",Xarope ou Solução Oral 35MG/ML Frasco com 120ML,SUS-Assis,disponivel,"SUDOESTE, NOROESTE, CAF",2026-07-05,disponivel,disponivel,disponivel
Haloperidol comprimido 5 mg,Haloperidol,comprimido 5 mg,SUS-Assis,disponivel,"SUDOESTE, NOROESTE, CAF",2026-07-05,disponivel,disponivel,disponivel
"Haloperidol solução oral 2 mg/mL , frasco com 20 ml",Haloperidol,"solução oral 2 mg/mL , frasco com 20 ml",SUS-Assis,disponivel,"SUDOESTE, NOROESTE, CAF",2026-07-05,disponivel,disponivel,disponivel
"Haloperidol, decanoato de solução injetável 50 mg/mL , ampola com 1 ml","Haloperidol, decanoato de","solução injetável 50 mg/mL , ampola com 1 ml",SUS-Assis,disponivel,"SUDOESTE, NOROESTE, CAF",2026-07-05,disponivel,disponivel,disponivel
"Heparina sódica 5.000UI solução injetavel , ampola com 0,25 ml",Heparina sódica,"5.000UI solução injetavel , ampola com 0,25 ml",SUS-Assis,disponivel,"SUDOESTE, NOROESTE, CAF",2026-07-05,disponivel,disponivel,disponivel
"Hidralazina, cloridrato de comprimido 25 mg","Hidralazina, cloridrato de",comprimido 25 mg,SUS-Assis,disponivel,"SUDOESTE, NOROESTE, CAF",2026-07-05,disponivel,disponivel,disponivel
Hidroclorotiazida comprimido 25 mg,Hidroclorotiazida,comprimido 25 mg,SUS-Assis,disponivel,"SUDOESTE, NOROESTE, CAF",2026-07-05,disponivel,disponivel,disponivel
Hidroxido de alumínio susp.oral 100ml,Hidroxido de alumínio susp.oral,100ml,SUS-Assis,disponivel,"SUDOESTE, NOROESTE, CAF",2026-07-05,disponivel,disponivel,disponivel
Hipromelose + Dextrana 70 3+1mg/ml colírio frasco com 15 ml,Hipromelose + Dextrana 70 3+,1mg/ml colírio frasco com 15 ml,SUS-Assis,disponivel,"SUDOESTE, NOROESTE, CAF",2026-07-05,disponivel,disponivel,disponivel
"Ibuprofeno suspensão oral 50 mg/mL , frasco com 30 ml",Ibuprofeno,"suspensão oral 50 mg/mL , frasco com 30 ml",SUS-Assis,disponivel,"SUDOESTE, NOROESTE, CAF",2026-07-05,disponivel,disponivel,disponivel
Ibuprofeno comprimido 600 mg,Ibuprofeno,comprimido 600 mg,SUS-Assis,em_falta,,2026-07-05,em_falta,em_falta,em_falta
Imipramina 25 mg comprimido,Imipramina,25 mg comprimido,SUS-Assis,disponivel,"SUDOESTE, NOROESTE, CAF",2026-07-05,disponivel,disponivel,disponivel
Insulina Humana NPH -100 UI frasco com 10 ml,Insulina Humana NPH -,100 UI frasco com 10 ml,SUS-Assis,disponivel,"SUDOESTE, NOROESTE, CAF",2026-07-05,disponivel,disponivel,disponivel
Insulina humana NPH suspensão injetável 100UI/mL caneta 3mL,Insulina humana NPH,suspensão injetável 100UI/mL caneta 3mL,SUS-Assis,disponivel,"SUDOESTE, NOROESTE, CAF",2026-07-05,disponivel,disponivel,disponivel
Insulina Humana Regular frasco com 10 ml,Insulina Humana Regular,frasco com 10 ml,SUS-Assis,disponivel,"SUDOESTE, NOROESTE, CAF",2026-07-05,disponivel,disponivel,disponivel
Insulina humana Regular suspensão injetável 100UI/mL caneta 3mL,Insulina humana Regular,suspensão injetável 100UI/mL caneta 3mL,SUS-Assis,disponivel,"SUDOESTE, NOROESTE, CAF",2026-07-05,disponivel,disponivel,disponivel
"Isoflavona de soja, Glycine Max L. Merr., Cápsula 75mg","Isoflavona de soja, Glycine Max L. Merr.",Cápsula 75mg,SUS-Assis,disponivel,"SUDOESTE, NOROESTE, CAF",2026-07-05,disponivel,disponivel,disponivel
"Isossorbida, mononitrato de, comprimido 20 mg","Isossorbida, mononitrato de",comprimido 20 mg,SUS-Assis,disponivel,"SUDOESTE, NOROESTE, CAF",2026-07-05,disponivel,disponivel,disponivel
"Isossorbida, mononitrato de, comprimido 40 mg","Isossorbida, mononitrato de",comprimido 40 mg,SUS-Assis,disponivel,"SUDOESTE, NOROESTE, CAF",2026-07-05,disponivel,disponivel,disponivel
Itraconazol cápsula 100 mg,Itraconazol,cápsula 100 mg,SUS-Assis,disponivel,"SUDOESTE, NOROESTE, CAF",2026-07-05,disponivel,disponivel,disponivel
Ivermectina comprimido 6 mg,Ivermectina,comprimido 6 mg,SUS-Assis,disponivel,"SUDOESTE, NOROESTE, CAF",2026-07-05,disponivel,disponivel,disponivel
Lactulose 667mg/ml frasco com 120 ml,Lactulose,667mg/ml frasco com 120 ml,SUS-Assis,disponivel,"SUDOESTE, NOROESTE, CAF",2026-07-05,disponivel,disponivel,disponivel
Levodopa + Benserazida BD 100 mg + 25 mg comprimido,Levodopa + Benserazida BD,100 mg + 25 mg comprimido,SUS-Assis,disponivel,"SUDOESTE, NOROESTE, CAF",2026-07-05,disponivel,disponivel,disponivel
Levodopa + Benzerazida cápsula gel HBS 100 mg + 25 mg,Levodopa + Benzerazida,cápsula gel HBS 100 mg + 25 mg,SUS-Assis,disponivel,"SUDOESTE, NOROESTE, CAF",2026-07-05,disponivel,disponivel,disponivel
Levodopa + Benzerazida comprimido 200 mg + 50 mg,Levodopa + Benzerazida,comprimido 200 mg + 50 mg,SUS-Assis,disponivel,"SUDOESTE, NOROESTE, CAF",2026-07-05,disponivel,disponivel,disponivel
Levomepromazina 100 mg comprimido,Levomepromazina,100 mg comprimido,SUS-Assis,disponivel,"SUDOESTE, NOROESTE, CAF",2026-07-05,disponivel,disponivel,disponivel
Levomepromazina 25 mg comprimido,Levomepromazina,25 mg comprimido,SUS-Assis,disponivel,"SUDOESTE, NOROESTE, CAF",2026-07-05,disponivel,disponivel,disponivel
Levomepromazina 40mg/ml solução oral frasco com 20 ml,Levomepromazina,40mg/ml solução oral frasco com 20 ml,SUS-Assis,disponivel,"SUDOESTE, NOROESTE, CAF",2026-07-05,disponivel,disponivel,disponivel
"Levonorgestrel + Etinilestradiol 0,15 mg + 0,03 mg",Levonorgestrel + Etinilestradiol,"0,15 mg + 0,03 mg",SUS-Assis,disponivel,"SUDOESTE, NOROESTE, CAF",2026-07-05,disponivel,disponivel,disponivel
Levotiroxina sódica comprimido 100 mcg,Levotiroxina sódica,comprimido 100 mcg,SUS-Assis,disponivel,"SUDOESTE, NOROESTE, CAF",2026-07-05,disponivel,disponivel,disponivel
Levotiroxina sódica comprimido 25 mcg,Levotiroxina sódica,comprimido 25 mcg,SUS-Assis,disponivel,"SUDOESTE, NOROESTE, CAF",2026-07-05,disponivel,disponivel,disponivel
Levotiroxina sódica comprimido 50 mcg,Levotiroxina sódica,comprimido 50 mcg,SUS-Assis,disponivel,"SUDOESTE, NOROESTE, CAF",2026-07-05,disponivel,disponivel,disponivel
Levotiroxina sódica comprimido 75 mcg,Levotiroxina sódica,comprimido 75 mcg,SUS-Assis,disponivel,"SUDOESTE, NOROESTE, CAF",2026-07-05,disponivel,disponivel,disponivel
Loratadina comprimido 10 mg,Loratadina,comprimido 10 mg,SUS-Assis,disponivel,"SUDOESTE, NOROESTE, CAF",2026-07-05,disponivel,disponivel,disponivel
"Loratadina xarope 1 mg/mL , frasco com 100 ml",Loratadina,"xarope 1 mg/mL , frasco com 100 ml",SUS-Assis,disponivel,"SUDOESTE, NOROESTE, CAF",2026-07-05,disponivel,disponivel,disponivel
Losartana potássica comprimido 50 mg,Losartana potássica,comprimido 50 mg,SUS-Assis,disponivel,"SUDOESTE, NOROESTE, CAF",2026-07-05,disponivel,disponivel,disponivel
"Medroxiprogesterona ac. + Estradiol cip. 25mg+5mg/0,5ml sol. injetável ampola com 1ml",Medroxiprogesterona ac. + Estradiol cip.,"25mg+5mg/0,5ml sol. injetável ampola com 1ml",SUS-Assis,disponivel,"SUDOESTE, NOROESTE, CAF",2026-07-05,disponivel,disponivel,disponivel
"Medroxiprogesterona, acetato de solução injetável 150 mg/mL , ampola com 1 ml","Medroxiprogesterona, acetato de","solução injetável 150 mg/mL , ampola com 1 ml",SUS-Assis,disponivel,"SUDOESTE, NOROESTE, CAF",2026-07-05,disponivel,disponivel,disponivel
"Metformina, cloridrato de comprimido 500 mg","Metformina, cloridrato de",comprimido 500 mg,SUS-Assis,disponivel,"SUDOESTE, NOROESTE, CAF",2026-07-05,disponivel,disponivel,disponivel
"Metformina, cloridrato de comprimido 850 mg","Metformina, cloridrato de",comprimido 850 mg,SUS-Assis,disponivel,"SUDOESTE, NOROESTE, CAF",2026-07-05,disponivel,disponivel,disponivel
Metildopa comprimido 250 mg,Metildopa,comprimido 250 mg,SUS-Assis,disponivel,"SUDOESTE, NOROESTE, CAF",2026-07-05,disponivel,disponivel,disponivel
Metilfenidato comprimido 10mg,Metilfenidato,comprimido 10mg,SUS-Assis,disponivel,"SUDOESTE, NOROESTE, CAF",2026-07-05,disponivel,disponivel,disponivel
"Metoprolol, succinato de, comprimido de liberação controlada 100 mg","Metoprolol, succinato de",comprimido de liberação controlada 100 mg,SUS-Assis,disponivel,"SUDOESTE, NOROESTE, CAF",2026-07-05,disponivel,disponivel,disponivel
"Metoprolol, succinato de, comprimido de liberação controlada 25 mg","Metoprolol, succinato de",comprimido de liberação controlada 25 mg,SUS-Assis,disponivel,"SUDOESTE, NOROESTE, CAF",2026-07-05,disponivel,disponivel,disponivel
"Metoprolol, succinato de, comprimido de liberação controlada 50 mg","Metoprolol, succinato de",comprimido de liberação controlada 50 mg,SUS-Assis,disponivel,"SUDOESTE, NOROESTE, CAF",2026-07-05,disponivel,disponivel,disponivel
"Metronidazol (benzoilmetronidazol) suspensão oral 40 mg/mL , frasco com 100 ml",Metronidazol (benzoilmetronidazol),"suspensão oral 40 mg/mL , frasco com 100 ml",SUS-Assis,disponivel,"SUDOESTE, NOROESTE, CAF",2026-07-05,disponivel,disponivel,disponivel
Metronidazol comprimido 250 mg,Metronidazol,comprimido 250 mg,SUS-Assis,disponivel,CAF,2026-07-05,em_falta,em_falta,disponivel
"Metronidazol gel vaginal 100mg/g, tubo com 50 g + aplicador",Metronidazol gel vaginal,"100mg/g, tubo com 50 g + aplicador",SUS-Assis,disponivel,"SUDOESTE, NOROESTE, CAF",2026-07-05,disponivel,disponivel,disponivel
"Naltrexona, cloridrato de, comprimido 50 mg","Naltrexona, cloridrato de",comprimido 50 mg,SUS-Assis,disponivel,"SUDOESTE, NOROESTE, CAF",2026-07-05,disponivel,disponivel,disponivel
"Neomicina, sulf. de + Fluocinolona + Polim. B + Lidocaína sol. otológica frasco com 10 ml","Neomicina, sulf. de + Fluocinolona + Polim. B + Lidocaína sol. otológica",frasco com 10 ml,SUS-Assis,disponivel,"SUDOESTE, NOROESTE, CAF",2026-07-05,disponivel,disponivel,disponivel
"Neomicina, sulfato de + bacitracina 5 mg + 250 UI pomada dermatológica tubo com 15 g","Neomicina, sulfato de + bacitracina",5 mg + 250 UI pomada dermatológica tubo com 15 g,SUS-Assis,disponivel,"SUDOESTE, NOROESTE, CAF",2026-07-05,disponivel,disponivel,disponivel
Nifedipino comprimido 20 mg,Nifedipino,comprimido 20 mg,SUS-Assis,disponivel,"SUDOESTE, NOROESTE, CAF",2026-07-05,disponivel,disponivel,disponivel
Nimesulida comprimido 100 mg,Nimesulida,comprimido 100 mg,SUS-Assis,disponivel,"SUDOESTE, NOROESTE, CAF",2026-07-05,disponivel,disponivel,disponivel
Nirmatrelvir/Ritomavir 150mg/100mg comprimido,Nirmatrelvir/Ritomavir,150mg/100mg comprimido,SUS-Assis,disponivel,"SUDOESTE, NOROESTE, CAF",2026-07-05,disponivel,disponivel,disponivel
Nistatina creme vaginal 100.000 UI/ 4g tubo com 60 g + aplicador,Nistatina,creme vaginal 100.000 UI/ 4g tubo com 60 g + aplicador,SUS-Assis,disponivel,"SUDOESTE, NOROESTE, CAF",2026-07-05,disponivel,disponivel,disponivel
"Nistatina suspensão oral 100.000 UI/mL, frasco com 50 ml",Nistatina,"suspensão oral 100.000 UI/mL, frasco com 50 ml",SUS-Assis,disponivel,"SUDOESTE, NOROESTE, CAF",2026-07-05,disponivel,disponivel,disponivel
Nitrazepam comprimido 5 mg,Nitrazepam,comprimido 5 mg,SUS-Assis,disponivel,"SUDOESTE, NOROESTE, CAF",2026-07-05,disponivel,disponivel,disponivel
Nitrofurantoína cápsula 100 mg,Nitrofurantoína,cápsula 100 mg,SUS-Assis,em_falta,,2026-07-05,em_falta,em_falta,em_falta
"Noretisterona comprimido 0,35 mg",Noretisterona,"comprimido 0,35 mg",SUS-Assis,disponivel,"SUDOESTE, NOROESTE, CAF",2026-07-05,disponivel,disponivel,disponivel
"Noretisterona, en. de + estradiol, val. de sol. Inj. 50 mg + 5 mg , seringa com 1 ml","Noretisterona, en. de + estradiol, val. de sol. Inj.","50 mg + 5 mg , seringa com 1 ml",SUS-Assis,disponivel,"SUDOESTE, NOROESTE, CAF",2026-07-05,disponivel,disponivel,disponivel
Norfloxacino comprimido 400 mg,Norfloxacino,comprimido 400 mg,SUS-Assis,disponivel,"SUDOESTE, NOROESTE, CAF",2026-07-05,disponivel,disponivel,disponivel
"Nortriptilina, cloridrato de, cápsula 25 mg","Nortriptilina, cloridrato de",cápsula 25 mg,SUS-Assis,disponivel,"SUDOESTE, NOROESTE, CAF",2026-07-05,disponivel,disponivel,disponivel
Óleo mineral frasco 100 mL,Óleo mineral,frasco 100 mL,SUS-Assis,disponivel,"SUDOESTE, NOROESTE, CAF",2026-07-05,disponivel,disponivel,disponivel
Omeprazol cápsula 20 mg,Omeprazol,cápsula 20 mg,SUS-Assis,disponivel,"SUDOESTE, NOROESTE, CAF",2026-07-05,disponivel,disponivel,disponivel
"Ondansetrona, Cloridrato - Comprimido 4mg","Ondansetrona, Cloridrato -",Comprimido 4mg,SUS-Assis,disponivel,"SUDOESTE, NOROESTE, CAF",2026-07-05,disponivel,disponivel,disponivel
"Ondansetrona, Cloridrato - Comprimido 8mg","Ondansetrona, Cloridrato -",Comprimido 8mg,SUS-Assis,disponivel,"SUDOESTE, NOROESTE, CAF",2026-07-05,disponivel,disponivel,disponivel
OSELTAMIVIR 30mg,OSELTAMIVIR,30mg,SUS-Assis,disponivel,"SUDOESTE, NOROESTE, CAF",2026-07-05,disponivel,disponivel,disponivel
OSELTAMIVIR 45mg,OSELTAMIVIR,45mg,SUS-Assis,disponivel,"SUDOESTE, NOROESTE, CAF",2026-07-05,disponivel,disponivel,disponivel
OSELTAMIVIR 75mg,OSELTAMIVIR,75mg,SUS-Assis,disponivel,SUDOESTE,2026-07-05,disponivel,em_falta,em_falta
"Oxido de zinco + colecalciferol + retinol, pomada dermatologica tubo com 45 g",Oxido de zinco + colecalciferol + retinol,pomada dermatologica tubo com 45 g,SUS-Assis,disponivel,"SUDOESTE, NOROESTE, CAF",2026-07-05,disponivel,disponivel,disponivel
Paracetamol comprimido 500 mg,Paracetamol,comprimido 500 mg,SUS-Assis,disponivel,"SUDOESTE, NOROESTE, CAF",2026-07-05,disponivel,disponivel,disponivel
"Paracetamol solução oral 200 mg/mL , frasco com 15 ml",Paracetamol,"solução oral 200 mg/mL , frasco com 15 ml",SUS-Assis,disponivel,"SUDOESTE, NOROESTE, CAF",2026-07-05,disponivel,disponivel,disponivel
Passiflora (Passiflora incarnata) cápsula ou comprimido 260mg,Passiflora (Passiflora incarnata),cápsula ou comprimido 260mg,SUS-Assis,disponivel,"SUDOESTE, NOROESTE, CAF",2026-07-05,disponivel,disponivel,disponivel
"Periciazina solução oral 1%, frasco com 20 ml",Periciazina,"solução oral 1%, frasco com 20 ml",SUS-Assis,disponivel,"SUDOESTE, NOROESTE, CAF",2026-07-05,disponivel,disponivel,disponivel
"Periciazina solução oral 4%, frasco com 20 ml",Periciazina,"solução oral 4%, frasco com 20 ml",SUS-Assis,disponivel,"SUDOESTE, NOROESTE, CAF",2026-07-05,disponivel,disponivel,disponivel
Permetrina 5mg/g (5%) Loção,Permetrina,5mg/g (5%) Loção,SUS-Assis,disponivel,"SUDOESTE, NOROESTE, CAF",2026-07-05,disponivel,disponivel,disponivel
Pirimetamina comprimido 25 mg,Pirimetamina,comprimido 25 mg,SUS-Assis,disponivel,"SUDOESTE, NOROESTE, CAF",2026-07-05,disponivel,disponivel,disponivel
"Plantago (Plantago ovata Forssk) envelope com 3,5g",Plantago (Plantago ovata Forssk) envelope com,"3,5g",SUS-Assis,disponivel,"SUDOESTE, NOROESTE, CAF",2026-07-05,disponivel,disponivel,disponivel
Polivitamínicos + Sais minerais comprimido,Polivitamínicos + Sais minerais,comprimido,SUS-Assis,disponivel,"SUDOESTE, NOROESTE, CAF",2026-07-05,disponivel,disponivel,disponivel
Prednisolona 1% colirio frasco com 5 ml,Prednisolona 1%,colirio frasco com 5 ml,SUS-Assis,disponivel,SUDOESTE,2026-07-05,disponivel,em_falta,em_falta
"Prednisolona, fostato sódico de, solução oral 3mg/ml, frasco com 60 ml","Prednisolona, fostato sódico de","solução oral 3mg/ml, frasco com 60 ml",SUS-Assis,disponivel,"SUDOESTE, NOROESTE, CAF",2026-07-05,disponivel,disponivel,disponivel
Prednisona comprimido 20 mg,Prednisona,comprimido 20 mg,SUS-Assis,disponivel,"SUDOESTE, NOROESTE, CAF",2026-07-05,disponivel,disponivel,disponivel
Prednisona comprimido 5 mg,Prednisona,comprimido 5 mg,SUS-Assis,disponivel,"SUDOESTE, NOROESTE, CAF",2026-07-05,disponivel,disponivel,disponivel
Prometazina comprimido 25mg,Prometazina,comprimido 25mg,SUS-Assis,disponivel,"SUDOESTE, NOROESTE, CAF",2026-07-05,disponivel,disponivel,disponivel
"Propafenona, cloridrato de comprimido 300 mg","Propafenona, cloridrato de",comprimido 300 mg,SUS-Assis,disponivel,"SUDOESTE, NOROESTE, CAF",2026-07-05,disponivel,disponivel,disponivel
Propatilnitrato comprimido 10 mg,Propatilnitrato,comprimido 10 mg,SUS-Assis,disponivel,"SUDOESTE, NOROESTE, CAF",2026-07-05,disponivel,disponivel,disponivel
Propiltiouracila comprimido 100 mg,Propiltiouracila,comprimido 100 mg,SUS-Assis,disponivel,"SUDOESTE, NOROESTE, CAF",2026-07-05,disponivel,disponivel,disponivel
"Propranolol, cloridrato de comprimido 40 mg","Propranolol, cloridrato de",comprimido 40 mg,SUS-Assis,disponivel,"SUDOESTE, NOROESTE, CAF",2026-07-05,disponivel,disponivel,disponivel
Protetor Solar FPS 50 frasco com 100ml,Protetor Solar FPS 50,frasco com 100ml,SUS-Assis,disponivel,"SUDOESTE, NOROESTE, CAF",2026-07-05,disponivel,disponivel,disponivel
Ramipril comprimido sulcado 5 mg,Ramipril,comprimido sulcado 5 mg,SUS-Assis,disponivel,"SUDOESTE, NOROESTE, CAF",2026-07-05,disponivel,disponivel,disponivel
"Retinol, acetato de, 50.000UI + colecalciferol 10.000UI, frasco gotejador com 10ml","Retinol, acetato de","50.000UI + colecalciferol 10.000UI, frasco gotejador com 10ml",SUS-Assis,disponivel,"SUDOESTE, NOROESTE, CAF",2026-07-05,disponivel,disponivel,disponivel
Risperidona 2 mg,Risperidona,2 mg,SUS-Assis,disponivel,"SUDOESTE, NOROESTE, CAF",2026-07-05,disponivel,disponivel,disponivel
"Sais para reidratação oral pó para solução oral, envelope com 27,9 g",Sais para reidratação oral,"pó para solução oral, envelope com 27,9 g",SUS-Assis,disponivel,"SUDOESTE, NOROESTE, CAF",2026-07-05,disponivel,disponivel,disponivel
"Salbutamol, sulfato de, aerossol, 100 mcg/dose","Salbutamol, sulfato de","aerossol, 100 mcg/dose",SUS-Assis,disponivel,"SUDOESTE, NOROESTE, CAF",2026-07-05,disponivel,disponivel,disponivel
Secnidazol comprimido 1000mg,Secnidazol,comprimido 1000mg,SUS-Assis,disponivel,"SUDOESTE, NOROESTE, CAF",2026-07-05,disponivel,disponivel,disponivel
Sertralina comprimido 50 mg,Sertralina,comprimido 50 mg,SUS-Assis,disponivel,"SUDOESTE, NOROESTE, CAF",2026-07-05,disponivel,disponivel,disponivel
Sinvastatina comprimido 20 mg,Sinvastatina,comprimido 20 mg,SUS-Assis,disponivel,"SUDOESTE, NOROESTE, CAF",2026-07-05,disponivel,disponivel,disponivel
Sinvastatina comprimido 40 mg,Sinvastatina,comprimido 40 mg,SUS-Assis,disponivel,"SUDOESTE, NOROESTE, CAF",2026-07-05,disponivel,disponivel,disponivel
"Sulfadiazina de prata creme 1%, tubo com 30 g",Sulfadiazina de prata,"creme 1%, tubo com 30 g",SUS-Assis,disponivel,"SUDOESTE, NOROESTE, CAF",2026-07-05,disponivel,disponivel,disponivel
Sulfametoxazol + trimetoprima comprimido 400 mg + 80 mg,Sulfametoxazol + trimetoprima,comprimido 400 mg + 80 mg,SUS-Assis,disponivel,"SUDOESTE, NOROESTE, CAF",2026-07-05,disponivel,disponivel,disponivel
"Sulfametoxazol + trimetoprima suspensão oral 40 mg + 8 mg/mL, frasco com 100 ml",Sulfametoxazol + trimetoprima,"suspensão oral 40 mg + 8 mg/mL, frasco com 100 ml",SUS-Assis,disponivel,"SUDOESTE, NOROESTE, CAF",2026-07-05,disponivel,disponivel,disponivel
Sulfato ferroso comprimido 40 mg Fe ++,Sulfato ferroso,comprimido 40 mg Fe ++,SUS-Assis,disponivel,"SUDOESTE, NOROESTE, CAF",2026-07-05,disponivel,disponivel,disponivel
"Sulfato ferroso solução oral 25 mg/mL Fe ++, frasco com 30 ml",Sulfato ferroso,"solução oral 25 mg/mL Fe ++, frasco com 30 ml",SUS-Assis,disponivel,"SUDOESTE, NOROESTE, CAF",2026-07-05,disponivel,disponivel,disponivel
"Tiamina, cloridrato de comprimido 300 mg","Tiamina, cloridrato de",comprimido 300 mg,SUS-Assis,disponivel,"SUDOESTE, NOROESTE, CAF",2026-07-05,disponivel,disponivel,disponivel
Tioridazina comprimido 100 mg,Tioridazina,comprimido 100 mg,SUS-Assis,disponivel,"SUDOESTE, NOROESTE, CAF",2026-07-05,disponivel,disponivel,disponivel
"Tobramicina 0,3% colirio frasco com 5 ml","Tobramicina 0,3%",colirio frasco com 5 ml,SUS-Assis,disponivel,"SUDOESTE, NOROESTE, CAF",2026-07-05,disponivel,disponivel,disponivel
"Tramadol, cloridrato de, cápsula 50 mg","Tramadol, cloridrato de",cápsula 50 mg,SUS-Assis,disponivel,"SUDOESTE, NOROESTE, CAF",2026-07-05,disponivel,disponivel,disponivel
"Tramadol, cloridrato de, solução oral 100mg/ml frasco com 15 ml","Tramadol, cloridrato de",solução oral 100mg/ml frasco com 15 ml,SUS-Assis,disponivel,"SUDOESTE, NOROESTE, CAF",2026-07-05,disponivel,disponivel,disponivel
Varfarina sódica comprimido 5 mg,Varfarina sódica,comprimido 5 mg,SUS-Assis,disponivel,"SUDOESTE, NOROESTE, CAF",2026-07-05,disponivel,disponivel,disponivel
"Verapamil, cloridrato de comprimido 80 mg","Verapamil, cloridrato de",comprimido 80 mg,SUS-Assis,disponivel,"SUDOESTE, NOROESTE, CAF",2026-07-05,disponivel,disponivel,disponivel
"Zinco, Sulfato - Xarope 4mg/ml frasco 100ml","Zinco, Sulfato -",Xarope 4mg/ml frasco 100ml,SUS-Assis,disponivel,"SUDOESTE, NOROESTE, CAF",2026-07-05,disponivel,disponivel,disponivel
